System,Version,ClassName,Synthetic,#Bytes,Access,ParentClass,#Interfaces,#Fields,#SyntheticFields,#Methods,#SyntheticMethods,#Nested,FanIn,FanOut,WeightedMethodCount,#Instructions,LoadCount,StoreCount,#TypeConstructions,
freecol,freecol-0.5.1,net/sf/freecol/FreeCol,0,10514,public final super,java/lang/Object,0,23,1,15,4,3,22,33,55,728,129,31,18,
freecol,freecol-0.5.1,net/sf/freecol/FreeCol$1,0,716,static,java/lang/Thread,0,1,1,2,0,0,1,4,2,11,4,0,1,
freecol,freecol-0.5.1,net/sf/freecol/FreeCol$2,0,1500,static,java/lang/Object,1,0,0,2,0,0,1,11,2,32,2,2,2,
freecol,freecol-0.5.1,net/sf/freecol/FreeCol$3,0,872,static,java/lang/Object,1,2,2,2,0,0,1,6,2,16,7,0,1,
freecol,freecol-0.5.1,net/sf/freecol/client/ClientOptions,0,5609,public super,net/sf/freecol/common/option/OptionMap,0,22,0,4,0,0,5,8,4,205,24,5,6,
freecol,freecol-0.5.1,net/sf/freecol/client/FreeColClient,0,14087,public final super,java/lang/Object,0,31,1,37,2,2,88,57,58,582,156,23,28,
freecol,freecol-0.5.1,net/sf/freecol/client/FreeColClient$1,0,739,,java/lang/Object,1,2,2,2,0,0,1,5,2,15,7,0,1,
freecol,freecol-0.5.1,net/sf/freecol/client/FreeColClient$2,0,772,,java/lang/Thread,0,1,1,2,0,0,1,5,2,12,5,0,1,
freecol,freecol-0.5.1,net/sf/freecol/client/Worker,0,2064,public final super,java/lang/Object,1,6,0,6,0,0,3,13,9,119,32,11,2,
freecol,freecol-0.5.1,net/sf/freecol/client/control/ClientModelController,0,5463,public super,java/lang/Object,1,6,1,9,1,0,1,22,13,185,43,13,5,
freecol,freecol-0.5.1,net/sf/freecol/client/control/ConnectController,0,12980,public final super,java/lang/Object,0,6,1,17,3,1,13,38,52,829,202,66,13,
freecol,freecol-0.5.1,net/sf/freecol/client/control/ConnectController$1,0,2753,,java/lang/Object,1,3,3,4,2,2,3,16,7,88,27,6,4,
freecol,freecol-0.5.1,net/sf/freecol/client/control/ConnectController$1$1,0,1303,,java/lang/Object,1,2,2,2,0,0,1,7,2,23,8,0,1,
freecol,freecol-0.5.1,net/sf/freecol/client/control/ConnectController$1$1ErrorJob,0,1063,,java/lang/Object,1,2,1,2,0,0,1,6,2,20,8,0,1,
freecol,freecol-0.5.1,net/sf/freecol/client/control/InGameController,0,45441,public final super,java/lang/Object,1,6,1,64,2,2,42,58,326,4496,1312,338,32,
freecol,freecol-0.5.1,net/sf/freecol/client/control/InGameController$1,0,1904,,java/lang/Thread,0,3,3,3,1,2,3,12,3,40,13,1,3,
freecol,freecol-0.5.1,net/sf/freecol/client/control/InGameController$1$1,0,932,,java/lang/Object,1,1,1,2,0,0,1,5,2,16,5,0,1,
freecol,freecol-0.5.1,net/sf/freecol/client/control/InGameController$1$2,0,922,,java/lang/Object,1,1,1,2,0,0,1,5,2,12,4,0,1,
freecol,freecol-0.5.1,net/sf/freecol/client/control/InGameController$2,0,2220,,java/lang/Object,1,4,4,4,0,0,1,14,7,66,20,2,3,
freecol,freecol-0.5.1,net/sf/freecol/client/control/InGameInputHandler,0,20401,public final super,net/sf/freecol/client/control/InputHandler,0,5,1,24,1,4,7,44,108,2148,488,258,27,
freecol,freecol-0.5.1,net/sf/freecol/client/control/InGameInputHandler$1,0,968,,java/lang/Object,1,2,2,2,0,0,1,6,2,14,6,0,1,
freecol,freecol-0.5.1,net/sf/freecol/client/control/InGameInputHandler$2,0,1581,,java/lang/Object,1,3,3,2,0,0,1,8,2,35,13,0,1,
freecol,freecol-0.5.1,net/sf/freecol/client/control/InGameInputHandler$3,0,1089,,java/lang/Object,1,2,2,2,0,0,1,7,2,17,7,0,1,
freecol,freecol-0.5.1,net/sf/freecol/client/control/InGameInputHandler$4,0,1583,,java/lang/Object,1,2,2,2,0,0,1,9,2,27,9,0,1,
freecol,freecol-0.5.1,net/sf/freecol/client/control/InputHandler,0,2383,public abstract super,java/lang/Object,1,6,1,7,2,1,3,13,8,41,8,1,2,
freecol,freecol-0.5.1,net/sf/freecol/client/control/InputHandler$1,0,1145,,java/lang/Object,1,1,1,2,0,0,1,6,4,29,7,0,1,
freecol,freecol-0.5.1,net/sf/freecol/client/control/PreGameController,0,9855,public final super,java/lang/Object,0,6,1,12,1,0,6,46,19,392,99,27,14,
freecol,freecol-0.5.1,net/sf/freecol/client/control/PreGameInputHandler,0,6387,public final super,net/sf/freecol/client/control/InputHandler,0,5,1,14,1,1,2,21,28,373,100,36,5,
freecol,freecol-0.5.1,net/sf/freecol/client/control/PreGameInputHandler$1,0,1255,,java/lang/Thread,0,1,1,2,0,0,1,7,3,23,5,1,1,
freecol,freecol-0.5.1,net/sf/freecol/client/gui/Canvas,0,37871,public final super,javax/swing/JLayeredPane,0,68,1,90,4,3,93,96,177,2584,813,142,49,
freecol,freecol-0.5.1,net/sf/freecol/client/gui/Canvas$1,0,887,,java/lang/Thread,0,1,1,2,0,0,1,5,2,13,4,0,1,
freecol,freecol-0.5.1,net/sf/freecol/client/gui/Canvas$ChatDisplayThread,0,1010,final private,java/lang/Thread,0,1,1,2,0,0,1,5,3,20,5,1,1,
freecol,freecol-0.5.1,net/sf/freecol/client/gui/Canvas$TakeFocusThread,0,1686,final private,java/lang/Thread,0,3,1,5,0,0,1,9,8,57,14,2,2,
freecol,freecol-0.5.1,net/sf/freecol/client/gui/CanvasKeyListener,0,3457,public final super,java/lang/Object,1,7,1,6,1,0,1,14,15,139,27,1,2,
freecol,freecol-0.5.1,net/sf/freecol/client/gui/CanvasMouseListener,0,3076,public final super,java/lang/Object,1,5,0,6,0,0,1,12,12,97,31,2,1,
freecol,freecol-0.5.1,net/sf/freecol/client/gui/CanvasMouseMotionListener,0,2709,public final super,java/lang/Object,1,8,0,3,0,1,2,14,10,81,29,3,1,
freecol,freecol-0.5.1,net/sf/freecol/client/gui/CanvasMouseMotionListener$ScrollThread,0,2739,private,java/lang/Thread,0,5,1,4,0,0,1,10,23,229,71,13,1,
freecol,freecol-0.5.1,net/sf/freecol/client/gui/FAFile,0,4005,public super,java/lang/Object,0,5,0,5,0,2,3,18,17,332,107,44,13,
freecol,freecol-0.5.1,net/sf/freecol/client/gui/FAFile$1,1,211,static,java/lang/Object,0,0,0,0,0,0,1,1,0,0,0,0,0,
freecol,freecol-0.5.1,net/sf/freecol/client/gui/FAFile$FALetter,0,874,private,java/lang/Object,0,4,1,2,1,0,1,7,2,10,5,0,1,
freecol,freecol-0.5.1,net/sf/freecol/client/gui/FreeColMenuBar,0,13684,public super,javax/swing/JMenuBar,0,22,6,8,4,30,32,56,13,1208,326,64,36,
freecol,freecol-0.5.1,net/sf/freecol/client/gui/FreeColMenuBar$1,0,913,,java/lang/Object,1,1,1,2,0,0,1,6,2,11,4,0,1,
freecol,freecol-0.5.1,net/sf/freecol/client/gui/FreeColMenuBar$10,0,1237,,java/lang/Object,1,1,1,2,0,0,1,7,3,20,4,0,1,
freecol,freecol-0.5.1,net/sf/freecol/client/gui/FreeColMenuBar$11,0,1251,,java/lang/Object,1,1,1,2,0,0,1,7,3,20,4,0,1,
freecol,freecol-0.5.1,net/sf/freecol/client/gui/FreeColMenuBar$12,0,1237,,java/lang/Object,1,1,1,2,0,0,1,7,3,20,4,0,1,
freecol,freecol-0.5.1,net/sf/freecol/client/gui/FreeColMenuBar$13,0,1263,,java/lang/Object,1,1,1,2,0,0,1,7,3,20,4,0,1,
freecol,freecol-0.5.1,net/sf/freecol/client/gui/FreeColMenuBar$14,0,1235,,java/lang/Object,1,1,1,2,0,0,1,7,3,20,4,0,1,
freecol,freecol-0.5.1,net/sf/freecol/client/gui/FreeColMenuBar$15,0,934,,java/lang/Object,1,1,1,2,0,0,1,6,2,12,4,0,1,
freecol,freecol-0.5.1,net/sf/freecol/client/gui/FreeColMenuBar$16,0,934,,java/lang/Object,1,1,1,2,0,0,1,6,2,12,4,0,1,
freecol,freecol-0.5.1,net/sf/freecol/client/gui/FreeColMenuBar$17,0,934,,java/lang/Object,1,1,1,2,0,0,1,6,2,12,4,0,1,
freecol,freecol-0.5.1,net/sf/freecol/client/gui/FreeColMenuBar$18,0,934,,java/lang/Object,1,1,1,2,0,0,1,6,2,12,4,0,1,
freecol,freecol-0.5.1,net/sf/freecol/client/gui/FreeColMenuBar$19,0,934,,java/lang/Object,1,1,1,2,0,0,1,6,2,12,4,0,1,
freecol,freecol-0.5.1,net/sf/freecol/client/gui/FreeColMenuBar$2,0,1060,,java/lang/Object,1,1,1,2,0,0,1,7,2,12,4,0,1,
freecol,freecol-0.5.1,net/sf/freecol/client/gui/FreeColMenuBar$20,0,934,,java/lang/Object,1,1,1,2,0,0,1,6,2,12,4,0,1,
freecol,freecol-0.5.1,net/sf/freecol/client/gui/FreeColMenuBar$21,0,1509,,java/lang/Object,1,1,1,2,0,0,1,10,4,32,8,1,1,
freecol,freecol-0.5.1,net/sf/freecol/client/gui/FreeColMenuBar$22,0,1251,,java/lang/Object,1,1,1,2,0,0,1,8,2,19,6,0,1,
freecol,freecol-0.5.1,net/sf/freecol/client/gui/FreeColMenuBar$23,0,1251,,java/lang/Object,1,1,1,2,0,0,1,8,2,19,6,0,1,
freecol,freecol-0.5.1,net/sf/freecol/client/gui/FreeColMenuBar$24,0,1249,,java/lang/Object,1,1,1,2,0,0,1,8,2,19,6,0,1,
freecol,freecol-0.5.1,net/sf/freecol/client/gui/FreeColMenuBar$25,0,1228,,java/lang/Object,1,2,2,2,0,0,1,8,3,24,8,0,1,
freecol,freecol-0.5.1,net/sf/freecol/client/gui/FreeColMenuBar$26,0,1807,,java/lang/Object,1,1,1,2,0,0,1,12,3,36,8,1,1,
freecol,freecol-0.5.1,net/sf/freecol/client/gui/FreeColMenuBar$27,0,1766,,java/lang/Object,1,1,1,2,0,0,1,11,3,37,10,3,1,
freecol,freecol-0.5.1,net/sf/freecol/client/gui/FreeColMenuBar$28,0,1860,,java/lang/Object,1,1,1,2,0,0,1,11,3,36,10,2,1,
freecol,freecol-0.5.1,net/sf/freecol/client/gui/FreeColMenuBar$29,0,4275,,java/lang/Object,1,1,1,2,0,0,1,21,10,203,38,11,2,
freecol,freecol-0.5.1,net/sf/freecol/client/gui/FreeColMenuBar$3,0,1060,,java/lang/Object,1,1,1,2,0,0,1,7,2,12,4,0,1,
freecol,freecol-0.5.1,net/sf/freecol/client/gui/FreeColMenuBar$30,0,737,,java/lang/Object,1,1,1,2,0,0,1,6,2,8,3,0,1,
freecol,freecol-0.5.1,net/sf/freecol/client/gui/FreeColMenuBar$4,0,1044,,java/lang/Object,1,1,1,2,0,0,1,7,2,13,4,0,1,
freecol,freecol-0.5.1,net/sf/freecol/client/gui/FreeColMenuBar$5,0,1064,,java/lang/Object,1,1,1,2,0,0,1,7,2,12,4,0,1,
freecol,freecol-0.5.1,net/sf/freecol/client/gui/FreeColMenuBar$6,0,910,,java/lang/Object,1,1,1,2,0,0,1,6,2,11,4,0,1,
freecol,freecol-0.5.1,net/sf/freecol/client/gui/FreeColMenuBar$7,0,1318,,java/lang/Object,1,1,1,2,0,0,1,9,2,21,6,0,1,
freecol,freecol-0.5.1,net/sf/freecol/client/gui/FreeColMenuBar$8,0,1313,,java/lang/Object,1,1,1,2,0,0,1,9,2,21,6,0,1,
freecol,freecol-0.5.1,net/sf/freecol/client/gui/FreeColMenuBar$9,0,1241,,java/lang/Object,1,1,1,2,0,0,1,7,3,20,4,0,1,
freecol,freecol-0.5.1,net/sf/freecol/client/gui/FullScreenFrame,0,2480,public final super,javax/swing/JFrame,0,6,1,5,1,0,1,11,6,56,12,1,1,
freecol,freecol-0.5.1,net/sf/freecol/client/gui/GUI,0,39770,public final super,java/lang/Object,0,56,1,66,2,1,40,67,469,5664,1789,292,21,
freecol,freecol-0.5.1,net/sf/freecol/client/gui/GUI$1,0,1274,,java/lang/Object,1,1,1,2,0,0,1,8,5,35,9,0,1,
freecol,freecol-0.5.1,net/sf/freecol/client/gui/GUIMessage,0,1865,public final super,java/lang/Object,0,8,1,6,1,0,2,9,7,45,11,1,2,
freecol,freecol-0.5.1,net/sf/freecol/client/gui/ImageLibrary,0,22403,public final super,net/sf/freecol/client/gui/panel/ImageProvider,0,181,2,47,1,0,18,31,166,1897,440,77,33,
freecol,freecol-0.5.1,net/sf/freecol/client/gui/MessageLabel,0,697,public final super,javax/swing/JLabel,0,3,0,1,0,0,1,4,1,5,2,0,1,
freecol,freecol-0.5.1,net/sf/freecol/client/gui/TilePopup,0,8061,public final super,javax/swing/JPopupMenu,1,10,1,11,1,0,1,32,39,490,135,23,12,
freecol,freecol-0.5.1,net/sf/freecol/client/gui/WindowedFrame,0,2882,public final super,javax/swing/JFrame,0,6,1,5,1,0,1,14,8,93,19,2,3,
freecol,freecol-0.5.1,net/sf/freecol/client/gui/WindowedFrameListener,0,1471,public final super,java/lang/Object,1,4,0,8,0,0,1,6,8,16,4,0,1,
freecol,freecol-0.5.1,net/sf/freecol/client/gui/action/ActionManager,0,4161,public super,net/sf/freecol/common/option/OptionGroup,0,6,1,6,1,0,11,28,10,178,55,5,18,
freecol,freecol-0.5.1,net/sf/freecol/client/gui/action/BuildColonyAction,0,3239,public super,net/sf/freecol/client/gui/action/MapboardAction,0,6,1,6,1,0,1,15,11,93,18,2,1,
freecol,freecol-0.5.1,net/sf/freecol/client/gui/action/BuildRoadAction,0,3456,public super,net/sf/freecol/client/gui/action/MapboardAction,0,6,1,6,1,0,1,16,13,110,22,3,1,
freecol,freecol-0.5.1,net/sf/freecol/client/gui/action/ChangeAction,0,4159,public super,net/sf/freecol/client/gui/action/MapboardAction,0,6,1,7,1,0,1,17,26,189,45,12,1,
freecol,freecol-0.5.1,net/sf/freecol/client/gui/action/ChatAction,0,2257,public super,net/sf/freecol/client/gui/action/MapboardAction,0,6,1,5,1,0,1,11,6,39,5,1,1,
freecol,freecol-0.5.1,net/sf/freecol/client/gui/action/ClearOrdersAction,0,2665,public super,net/sf/freecol/client/gui/action/MapboardAction,0,6,1,6,1,0,1,13,9,55,8,1,1,
freecol,freecol-0.5.1,net/sf/freecol/client/gui/action/DeclareIndependenceAction,0,2666,public super,net/sf/freecol/client/gui/action/MapboardAction,0,6,1,6,1,0,1,12,10,55,10,2,1,
freecol,freecol-0.5.1,net/sf/freecol/client/gui/action/DisbandUnitAction,0,3030,public super,net/sf/freecol/client/gui/action/MapboardAction,0,6,1,6,1,0,1,14,9,83,15,1,1,
freecol,freecol-0.5.1,net/sf/freecol/client/gui/action/EndTurnAction,0,2310,public super,net/sf/freecol/client/gui/action/MapboardAction,0,6,1,5,1,0,1,11,6,39,5,1,1,
freecol,freecol-0.5.1,net/sf/freecol/client/gui/action/EuropeAction,0,2568,public super,net/sf/freecol/client/gui/action/MapboardAction,0,6,1,6,1,0,1,13,10,55,8,1,1,
freecol,freecol-0.5.1,net/sf/freecol/client/gui/action/FortifyAction,0,3136,public super,net/sf/freecol/client/gui/action/MapboardAction,0,6,1,6,1,0,1,15,10,95,17,1,1,
freecol,freecol-0.5.1,net/sf/freecol/client/gui/action/FreeColAction,0,6066,public abstract super,javax/swing/AbstractAction,1,11,2,15,1,0,7,21,38,301,81,10,3,
freecol,freecol-0.5.1,net/sf/freecol/client/gui/action/GotoAction,0,2574,public super,net/sf/freecol/client/gui/action/MapboardAction,0,6,1,5,1,0,1,13,7,47,8,2,1,
freecol,freecol-0.5.1,net/sf/freecol/client/gui/action/MapControlsAction,0,3463,public super,net/sf/freecol/client/gui/action/MapboardAction,0,8,1,9,1,0,4,14,20,120,31,1,2,
freecol,freecol-0.5.1,net/sf/freecol/client/gui/action/MapboardAction,0,2102,public abstract super,net/sf/freecol/client/gui/action/FreeColAction,0,5,1,4,1,0,17,12,8,46,11,1,1,
freecol,freecol-0.5.1,net/sf/freecol/client/gui/action/MiniMapZoomInAction,0,3452,public super,net/sf/freecol/client/gui/action/MapboardAction,0,6,1,6,1,0,1,16,10,106,20,3,1,
freecol,freecol-0.5.1,net/sf/freecol/client/gui/action/MiniMapZoomOutAction,0,3460,public super,net/sf/freecol/client/gui/action/MapboardAction,0,6,1,6,1,0,1,16,10,106,20,3,1,
freecol,freecol-0.5.1,net/sf/freecol/client/gui/action/PlowAction,0,4104,public super,net/sf/freecol/client/gui/action/MapboardAction,0,7,1,8,1,0,1,17,22,212,49,4,1,
freecol,freecol-0.5.1,net/sf/freecol/client/gui/action/SkipUnitAction,0,3005,public super,net/sf/freecol/client/gui/action/MapboardAction,0,6,1,6,1,0,1,14,9,83,15,1,1,
freecol,freecol-0.5.1,net/sf/freecol/client/gui/action/WaitAction,0,2710,public super,net/sf/freecol/client/gui/action/MapboardAction,0,6,1,5,1,0,1,12,6,71,13,1,1,
freecol,freecol-0.5.1,net/sf/freecol/client/gui/i18n/Messages,0,3674,public final super,java/lang/Object,0,8,1,7,1,0,60,17,21,204,55,8,8,
freecol,freecol-0.5.1,net/sf/freecol/client/gui/option/BooleanOptionUI,0,2886,public final super,javax/swing/JPanel,1,7,1,6,1,0,2,14,8,99,25,3,4,
freecol,freecol-0.5.1,net/sf/freecol/client/gui/option/FreeColActionUI,0,6743,public final super,javax/swing/JPanel,2,11,1,16,6,1,2,27,26,342,87,11,12,
freecol,freecol-0.5.1,net/sf/freecol/client/gui/option/FreeColActionUI$BlinkingLabel,0,4135,,javax/swing/JLabel,3,3,1,14,0,0,1,17,17,130,42,1,3,
freecol,freecol-0.5.1,net/sf/freecol/client/gui/option/IntegerOptionUI,0,3241,public final super,javax/swing/JPanel,1,7,1,6,1,0,2,19,8,129,33,5,6,
freecol,freecol-0.5.1,net/sf/freecol/client/gui/option/OptionGroupUI,0,4104,public final super,javax/swing/JPanel,1,8,1,5,1,0,3,26,16,171,44,12,8,
freecol,freecol-0.5.1,net/sf/freecol/client/gui/option/OptionMapUI,0,4355,public final super,javax/swing/JPanel,1,8,1,4,1,0,2,27,11,195,53,10,10,
freecol,freecol-0.5.1,net/sf/freecol/client/gui/option/OptionUpdater,0,397,public abstract interface,java/lang/Object,0,3,0,1,0,0,6,3,1,0,0,0,0,
freecol,freecol-0.5.1,net/sf/freecol/client/gui/option/SelectOptionUI,0,3294,public final super,javax/swing/JPanel,1,7,1,6,1,0,2,17,9,128,37,8,5,
freecol,freecol-0.5.1,net/sf/freecol/client/gui/panel/CaptureGoodsDialog,0,6221,public final super,net/sf/freecol/client/gui/panel/FreeColDialog,1,11,1,10,4,5,5,25,22,339,88,17,10,
freecol,freecol-0.5.1,net/sf/freecol/client/gui/panel/CaptureGoodsDialog$1,0,1532,,java/awt/event/MouseAdapter,0,1,1,2,0,0,1,8,5,39,12,2,1,
freecol,freecol-0.5.1,net/sf/freecol/client/gui/panel/CaptureGoodsDialog$2,0,1446,,javax/swing/AbstractAction,0,1,1,2,0,0,1,8,4,37,11,2,1,
freecol,freecol-0.5.1,net/sf/freecol/client/gui/panel/CaptureGoodsDialog$3,0,1354,,javax/swing/AbstractAction,0,1,1,2,0,0,1,8,3,32,9,2,1,
freecol,freecol-0.5.1,net/sf/freecol/client/gui/panel/CaptureGoodsDialog$CheckBoxRenderer,0,1561,private,javax/swing/JCheckBox,1,1,1,2,0,0,1,11,2,31,12,0,1,
freecol,freecol-0.5.1,net/sf/freecol/client/gui/panel/CaptureGoodsDialog$GoodsItem,0,1322,,javax/swing/JCheckBox,0,3,1,3,0,0,5,7,3,31,9,0,2,
freecol,freecol-0.5.1,net/sf/freecol/client/gui/panel/ChatPanel,0,3698,public final super,net/sf/freecol/client/gui/panel/FreeColPanel,1,9,1,6,1,0,1,18,8,125,32,6,4,
freecol,freecol-0.5.1,net/sf/freecol/client/gui/panel/ChoiceItem,0,1183,public super,java/lang/Object,0,5,0,5,0,0,3,5,5,28,11,0,3,
freecol,freecol-0.5.1,net/sf/freecol/client/gui/panel/ChooseFoundingFatherDialog,0,4051,public final super,net/sf/freecol/client/gui/panel/FreeColDialog,1,9,1,7,2,1,2,17,12,154,52,8,3,
freecol,freecol-0.5.1,net/sf/freecol/client/gui/panel/ChooseFoundingFatherDialog$FoundingFatherPanel,0,4384,protected,javax/swing/JPanel,0,8,1,5,0,0,1,19,9,320,70,10,13,
freecol,freecol-0.5.1,net/sf/freecol/client/gui/panel/ClientOptionsDialog,0,5531,public final super,net/sf/freecol/client/gui/panel/FreeColDialog,1,13,1,6,1,0,2,29,8,237,57,5,11,
freecol,freecol-0.5.1,net/sf/freecol/client/gui/panel/ColonyPanel,0,22332,public final super,javax/swing/JLayeredPane,1,34,1,45,17,9,16,62,75,1590,437,50,33,
freecol,freecol-0.5.1,net/sf/freecol/client/gui/panel/ColonyPanel$1,0,520,,java/awt/event/MouseAdapter,0,1,1,1,0,0,1,3,1,6,3,0,1,
freecol,freecol-0.5.1,net/sf/freecol/client/gui/panel/ColonyPanel$BuildingBox,0,3899,public final,javax/swing/JComboBox,0,3,1,2,0,2,3,14,9,234,62,16,5,
freecol,freecol-0.5.1,net/sf/freecol/client/gui/panel/ColonyPanel$BuildingBox$BuildingBoxItem,0,1121,public final,java/lang/Object,0,3,1,4,0,0,2,5,4,21,10,0,1,
freecol,freecol-0.5.1,net/sf/freecol/client/gui/panel/ColonyPanel$BuildingBox$BuildingBoxListener,0,1879,public final,java/lang/Object,1,3,1,2,0,0,1,9,2,29,11,0,1,
freecol,freecol-0.5.1,net/sf/freecol/client/gui/panel/ColonyPanel$BuildingsPanel,0,2675,public final,javax/swing/JPanel,0,2,1,5,2,1,2,9,7,64,21,3,3,
freecol,freecol-0.5.1,net/sf/freecol/client/gui/panel/ColonyPanel$BuildingsPanel$ASingleBuildingPanel,0,7200,public final,javax/swing/JPanel,1,3,1,5,0,0,5,33,15,380,101,15,13,
freecol,freecol-0.5.1,net/sf/freecol/client/gui/panel/ColonyPanel$CargoPanel,0,5442,public final,javax/swing/JPanel,0,2,1,5,0,0,3,18,30,300,96,12,2,
freecol,freecol-0.5.1,net/sf/freecol/client/gui/panel/ColonyPanel$InPortPanel,0,870,public final,javax/swing/JPanel,0,1,1,3,0,0,2,5,3,12,5,0,1,
freecol,freecol-0.5.1,net/sf/freecol/client/gui/panel/ColonyPanel$OutsideColonyPanel,0,2929,public final,javax/swing/JPanel,0,2,1,3,0,0,2,13,11,95,30,4,1,
freecol,freecol-0.5.1,net/sf/freecol/client/gui/panel/ColonyPanel$ProductionPanel,0,3420,public final,javax/swing/JPanel,0,2,1,2,0,0,1,12,18,411,134,39,1,
freecol,freecol-0.5.1,net/sf/freecol/client/gui/panel/ColonyPanel$TilePanel,0,3450,public final,javax/swing/JLayeredPane,0,2,1,5,2,1,2,14,9,133,41,8,3,
freecol,freecol-0.5.1,net/sf/freecol/client/gui/panel/ColonyPanel$TilePanel$ASingleTilePanel,0,8526,public final,javax/swing/JPanel,0,4,1,5,0,0,2,32,29,502,137,22,6,
freecol,freecol-0.5.1,net/sf/freecol/client/gui/panel/ColonyPanel$WarehousePanel,0,3601,public final,javax/swing/JPanel,0,2,1,5,0,0,3,14,9,106,34,4,2,
freecol,freecol-0.5.1,net/sf/freecol/client/gui/panel/ColopediaPanel,0,24053,public final super,net/sf/freecol/client/gui/panel/FreeColPanel,1,81,1,23,1,0,1,44,48,6102,618,950,63,
freecol,freecol-0.5.1,net/sf/freecol/client/gui/panel/ColorCellEditor,0,5154,public final super,javax/swing/AbstractCellEditor,2,17,1,10,3,1,2,24,18,217,67,2,4,
freecol,freecol-0.5.1,net/sf/freecol/client/gui/panel/ColorCellEditor$ColorChooserPanel,0,2011,final private,javax/swing/JPanel,0,1,1,1,0,0,1,9,1,93,27,4,3,
freecol,freecol-0.5.1,net/sf/freecol/client/gui/panel/ColorCellRenderer,0,1909,public super,javax/swing/JLabel,1,5,0,2,0,0,1,13,4,63,20,1,2,
freecol,freecol-0.5.1,net/sf/freecol/client/gui/panel/DeclarationDialog,0,4136,public final super,net/sf/freecol/client/gui/panel/FreeColDialog,0,10,1,6,2,4,6,21,7,143,37,6,6,
freecol,freecol-0.5.1,net/sf/freecol/client/gui/panel/DeclarationDialog$1,0,1310,,java/lang/Object,1,1,1,3,1,1,2,7,3,26,8,2,3,
freecol,freecol-0.5.1,net/sf/freecol/client/gui/panel/DeclarationDialog$1$1,0,1196,,java/lang/Object,1,1,1,2,0,0,1,7,2,13,4,0,1,
freecol,freecol-0.5.1,net/sf/freecol/client/gui/panel/DeclarationDialog$2,0,903,,java/awt/event/MouseAdapter,0,1,1,2,0,0,1,5,2,12,4,0,1,
freecol,freecol-0.5.1,net/sf/freecol/client/gui/panel/DeclarationDialog$3,0,1066,,java/lang/Object,1,1,1,2,0,0,1,6,2,11,4,0,1,
freecol,freecol-0.5.1,net/sf/freecol/client/gui/panel/DeclarationDialog$SignaturePanel,0,5625,private,javax/swing/JPanel,0,5,1,15,5,1,3,21,32,416,127,19,7,
freecol,freecol-0.5.1,net/sf/freecol/client/gui/panel/DeclarationDialog$SignaturePanel$1,0,1577,,java/lang/Object,1,1,1,2,0,0,1,6,4,58,15,0,1,
freecol,freecol-0.5.1,net/sf/freecol/client/gui/panel/DefaultTransferHandler,0,10910,public final super,javax/swing/TransferHandler,0,10,2,12,4,3,5,47,109,769,194,27,7,
freecol,freecol-0.5.1,net/sf/freecol/client/gui/panel/DefaultTransferHandler$1,1,271,static,java/lang/Object,0,0,0,0,0,0,1,1,0,0,0,0,0,
freecol,freecol-0.5.1,net/sf/freecol/client/gui/panel/DefaultTransferHandler$FreeColDragGestureRecognizer,0,1567,static private,java/awt/dnd/DragGestureRecognizer,0,0,0,4,0,0,1,7,4,24,11,0,1,
freecol,freecol-0.5.1,net/sf/freecol/client/gui/panel/DefaultTransferHandler$FreeColDragHandler,0,4699,static private,java/lang/Object,2,1,0,9,1,0,1,23,19,191,64,14,2,
freecol,freecol-0.5.1,net/sf/freecol/client/gui/panel/DragListener,0,8259,public final super,java/awt/event/MouseAdapter,0,4,0,2,0,0,2,27,55,954,220,34,5,
freecol,freecol-0.5.1,net/sf/freecol/client/gui/panel/DropListener,0,2627,public final super,java/awt/event/MouseAdapter,0,5,1,4,1,0,2,14,7,51,12,5,1,
freecol,freecol-0.5.1,net/sf/freecol/client/gui/panel/EmigrationPanel,0,4091,public final super,net/sf/freecol/client/gui/panel/FreeColDialog,1,11,1,6,1,0,1,19,8,210,47,6,5,
freecol,freecol-0.5.1,net/sf/freecol/client/gui/panel/ErrorPanel,0,4678,public final super,net/sf/freecol/client/gui/panel/FreeColDialog,1,10,1,6,1,0,1,20,19,288,74,14,5,
freecol,freecol-0.5.1,net/sf/freecol/client/gui/panel/EuropePanel,0,20205,public final super,javax/swing/JLayeredPane,1,30,1,29,9,10,14,61,67,1828,563,72,31,
freecol,freecol-0.5.1,net/sf/freecol/client/gui/panel/EuropePanel$1,0,520,,java/awt/event/MouseAdapter,0,1,1,1,0,0,1,3,1,6,3,0,1,
freecol,freecol-0.5.1,net/sf/freecol/client/gui/panel/EuropePanel$CargoPanel,0,4887,public final,javax/swing/JPanel,0,2,1,4,0,0,3,19,20,253,76,12,2,
freecol,freecol-0.5.1,net/sf/freecol/client/gui/panel/EuropePanel$DocksPanel,0,1978,public final,javax/swing/JPanel,0,2,1,3,0,0,2,11,5,47,17,2,1,
freecol,freecol-0.5.1,net/sf/freecol/client/gui/panel/EuropePanel$InPortPanel,0,876,public final,javax/swing/JPanel,0,1,1,3,0,0,2,5,3,12,5,0,1,
freecol,freecol-0.5.1,net/sf/freecol/client/gui/panel/EuropePanel$MarketPanel,0,3115,public final,javax/swing/JPanel,0,2,1,4,0,0,3,15,7,88,27,3,2,
freecol,freecol-0.5.1,net/sf/freecol/client/gui/panel/EuropePanel$PurchaseDialog,0,6138,public final,net/sf/freecol/client/gui/panel/FreeColDialog,1,16,1,4,0,0,1,19,13,618,142,13,5,
freecol,freecol-0.5.1,net/sf/freecol/client/gui/panel/EuropePanel$RecruitDialog,0,5239,public final,net/sf/freecol/client/gui/panel/FreeColDialog,1,10,1,4,0,0,1,23,8,390,91,8,8,
freecol,freecol-0.5.1,net/sf/freecol/client/gui/panel/EuropePanel$ToAmericaPanel,0,2011,public final,javax/swing/JPanel,0,2,1,3,0,0,2,11,5,48,17,2,1,
freecol,freecol-0.5.1,net/sf/freecol/client/gui/panel/EuropePanel$ToEuropePanel,0,2005,public final,javax/swing/JPanel,0,2,1,3,0,0,2,11,5,48,17,2,1,
freecol,freecol-0.5.1,net/sf/freecol/client/gui/panel/EuropePanel$TrainDialog,0,10081,public final,net/sf/freecol/client/gui/panel/FreeColDialog,1,37,1,4,0,0,1,20,24,1445,325,25,5,
freecol,freecol-0.5.1,net/sf/freecol/client/gui/panel/EventPanel,0,5508,public final super,net/sf/freecol/client/gui/panel/FreeColDialog,1,16,1,6,1,0,1,25,13,296,59,16,8,
freecol,freecol-0.5.1,net/sf/freecol/client/gui/panel/FileList,0,1889,public super,javax/swing/JList,0,3,0,4,0,2,2,9,8,72,27,6,5,
freecol,freecol-0.5.1,net/sf/freecol/client/gui/panel/FileList$1,0,925,,java/lang/Object,1,1,1,2,0,0,1,7,4,26,7,1,1,
freecol,freecol-0.5.1,net/sf/freecol/client/gui/panel/FileList$FileListEntry,0,1030,public,java/lang/Object,0,2,1,3,0,0,1,5,3,24,9,1,1,
freecol,freecol-0.5.1,net/sf/freecol/client/gui/panel/FreeColDialog,0,20780,public super,net/sf/freecol/client/gui/panel/FreeColPanel,0,16,2,22,1,31,45,82,65,1911,467,209,84,
freecol,freecol-0.5.1,net/sf/freecol/client/gui/panel/FreeColDialog$1,0,620,static,net/sf/freecol/client/gui/panel/FreeColDialog,0,1,1,2,0,0,1,3,2,10,4,0,1,
freecol,freecol-0.5.1,net/sf/freecol/client/gui/panel/FreeColDialog$10,0,949,static,javax/swing/AbstractAction,0,1,1,2,0,0,1,6,2,12,5,0,1,
freecol,freecol-0.5.1,net/sf/freecol/client/gui/panel/FreeColDialog$11,0,620,static,net/sf/freecol/client/gui/panel/FreeColDialog,0,1,1,2,0,0,1,3,2,10,4,0,1,
freecol,freecol-0.5.1,net/sf/freecol/client/gui/panel/FreeColDialog$12,0,883,static,java/lang/Object,1,1,1,2,0,0,1,6,2,14,4,0,2,
freecol,freecol-0.5.1,net/sf/freecol/client/gui/panel/FreeColDialog$13,0,883,static,java/lang/Object,1,1,1,2,0,0,1,6,2,14,4,0,2,
freecol,freecol-0.5.1,net/sf/freecol/client/gui/panel/FreeColDialog$14,0,883,static,java/lang/Object,1,1,1,2,0,0,1,6,2,14,4,0,2,
freecol,freecol-0.5.1,net/sf/freecol/client/gui/panel/FreeColDialog$15,0,883,static,java/lang/Object,1,1,1,2,0,0,1,6,2,14,4,0,2,
freecol,freecol-0.5.1,net/sf/freecol/client/gui/panel/FreeColDialog$16,0,620,static,net/sf/freecol/client/gui/panel/FreeColDialog,0,1,1,2,0,0,1,3,2,10,4,0,1,
freecol,freecol-0.5.1,net/sf/freecol/client/gui/panel/FreeColDialog$17,0,888,static,java/lang/Object,1,1,1,2,0,0,1,6,2,14,4,0,2,
freecol,freecol-0.5.1,net/sf/freecol/client/gui/panel/FreeColDialog$18,0,888,static,java/lang/Object,1,1,1,2,0,0,1,6,2,14,4,0,2,
freecol,freecol-0.5.1,net/sf/freecol/client/gui/panel/FreeColDialog$19,0,888,static,java/lang/Object,1,1,1,2,0,0,1,6,2,14,4,0,2,
freecol,freecol-0.5.1,net/sf/freecol/client/gui/panel/FreeColDialog$2,0,887,static,java/lang/Object,1,1,1,2,0,0,1,6,2,14,4,0,2,
freecol,freecol-0.5.1,net/sf/freecol/client/gui/panel/FreeColDialog$20,0,888,static,java/lang/Object,1,1,1,2,0,0,1,6,2,14,4,0,2,
freecol,freecol-0.5.1,net/sf/freecol/client/gui/panel/FreeColDialog$21,0,620,static,net/sf/freecol/client/gui/panel/FreeColDialog,0,1,1,2,0,0,1,3,2,10,4,0,1,
freecol,freecol-0.5.1,net/sf/freecol/client/gui/panel/FreeColDialog$22,0,952,static,java/lang/Object,1,2,2,2,0,0,1,6,2,15,7,0,1,
freecol,freecol-0.5.1,net/sf/freecol/client/gui/panel/FreeColDialog$23,0,837,static,java/lang/Object,1,1,1,2,0,0,1,5,2,11,4,0,1,
freecol,freecol-0.5.1,net/sf/freecol/client/gui/panel/FreeColDialog$24,0,628,static,net/sf/freecol/client/gui/panel/FreeColDialog,0,1,1,2,0,0,1,3,2,10,4,0,1,
freecol,freecol-0.5.1,net/sf/freecol/client/gui/panel/FreeColDialog$25,0,1005,static,java/lang/Object,1,2,2,2,0,0,1,6,2,16,7,0,1,
freecol,freecol-0.5.1,net/sf/freecol/client/gui/panel/FreeColDialog$26,0,1005,static,java/lang/Object,1,2,2,2,0,0,1,6,2,16,7,0,1,
freecol,freecol-0.5.1,net/sf/freecol/client/gui/panel/FreeColDialog$27,0,836,static,java/lang/Object,1,1,1,2,0,0,1,5,2,11,4,0,1,
freecol,freecol-0.5.1,net/sf/freecol/client/gui/panel/FreeColDialog$28,0,1309,static,java/lang/Object,1,2,2,2,0,0,1,7,4,32,11,1,1,
freecol,freecol-0.5.1,net/sf/freecol/client/gui/panel/FreeColDialog$29,0,1745,static,java/lang/Object,1,3,3,2,0,0,1,9,6,60,19,3,3,
freecol,freecol-0.5.1,net/sf/freecol/client/gui/panel/FreeColDialog$3,0,621,static,net/sf/freecol/client/gui/panel/FreeColDialog,0,1,1,2,0,0,1,3,2,10,4,0,1,
freecol,freecol-0.5.1,net/sf/freecol/client/gui/panel/FreeColDialog$4,0,840,static,java/lang/Object,1,1,1,2,0,0,1,5,2,11,4,0,1,
freecol,freecol-0.5.1,net/sf/freecol/client/gui/panel/FreeColDialog$5,0,624,static,net/sf/freecol/client/gui/panel/FreeColDialog,0,1,1,2,0,0,1,3,2,10,4,0,1,
freecol,freecol-0.5.1,net/sf/freecol/client/gui/panel/FreeColDialog$6,0,835,static,java/lang/Object,1,1,1,2,0,0,1,5,2,11,4,0,1,
freecol,freecol-0.5.1,net/sf/freecol/client/gui/panel/FreeColDialog$7,0,919,static,java/lang/Object,1,2,2,2,0,0,1,5,2,15,7,0,1,
freecol,freecol-0.5.1,net/sf/freecol/client/gui/panel/FreeColDialog$8,0,620,static,net/sf/freecol/client/gui/panel/FreeColDialog,0,1,1,2,0,0,1,3,2,10,4,0,1,
freecol,freecol-0.5.1,net/sf/freecol/client/gui/panel/FreeColDialog$9,0,946,static,javax/swing/AbstractAction,0,1,1,2,0,0,1,6,2,12,5,0,1,
freecol,freecol-0.5.1,net/sf/freecol/client/gui/panel/FreeColDialog$FreeColFileFilter,0,1423,final static,javax/swing/filechooser/FileFilter,0,3,0,4,0,0,1,6,7,48,19,0,2,
freecol,freecol-0.5.1,net/sf/freecol/client/gui/panel/FreeColDialog$WrapLabel,0,2567,final static,javax/swing/JLabel,0,0,0,7,0,0,1,9,9,120,50,12,9,
freecol,freecol-0.5.1,net/sf/freecol/client/gui/panel/FreeColPanel,0,3438,public super,javax/swing/JPanel,0,7,1,6,1,1,16,22,8,118,19,2,10,
freecol,freecol-0.5.1,net/sf/freecol/client/gui/panel/FreeColPanel$1,0,525,,java/awt/event/MouseAdapter,0,1,1,1,0,0,1,3,1,6,3,0,1,
freecol,freecol-0.5.1,net/sf/freecol/client/gui/panel/GameOptionsDialog,0,6766,public final super,net/sf/freecol/client/gui/panel/FreeColDialog,1,15,1,6,1,0,1,34,10,354,80,17,11,
freecol,freecol-0.5.1,net/sf/freecol/client/gui/panel/GoodsLabel,0,5139,public final super,javax/swing/JLabel,1,9,1,11,1,0,9,23,24,231,70,7,3,
freecol,freecol-0.5.1,net/sf/freecol/client/gui/panel/ImageProvider,0,1102,public abstract super,java/lang/Object,0,3,0,14,0,0,15,8,14,3,1,0,1,
freecol,freecol-0.5.1,net/sf/freecol/client/gui/panel/ImageSelection,0,2216,public final super,java/lang/Object,1,6,1,6,1,0,1,12,8,50,10,3,1,
freecol,freecol-0.5.1,net/sf/freecol/client/gui/panel/IndianSettlementPanel,0,5429,public final super,net/sf/freecol/client/gui/panel/FreeColDialog,1,10,1,6,1,0,1,21,9,340,48,18,8,
freecol,freecol-0.5.1,net/sf/freecol/client/gui/panel/InfoPanel,0,4500,public final super,net/sf/freecol/client/gui/panel/FreeColPanel,0,12,1,8,3,2,5,18,15,206,57,7,3,
freecol,freecol-0.5.1,net/sf/freecol/client/gui/panel/InfoPanel$EndTurnPanel,0,1880,public,javax/swing/JPanel,0,3,1,2,1,1,2,9,2,65,17,0,5,
freecol,freecol-0.5.1,net/sf/freecol/client/gui/panel/InfoPanel$EndTurnPanel$1,0,1425,,java/awt/event/MouseAdapter,0,2,2,2,0,0,1,7,2,16,6,0,1,
freecol,freecol-0.5.1,net/sf/freecol/client/gui/panel/InfoPanel$UnitInfoPanel,0,3313,public,javax/swing/JPanel,0,6,1,4,0,0,1,11,7,236,59,2,5,
freecol,freecol-0.5.1,net/sf/freecol/client/gui/panel/MainPanel,0,5178,public final super,net/sf/freecol/client/gui/panel/FreeColPanel,1,11,1,6,1,0,1,29,10,216,54,10,10,
freecol,freecol-0.5.1,net/sf/freecol/client/gui/panel/MapControls,0,4423,public final super,java/lang/Object,0,11,0,9,0,0,3,13,16,333,99,15,4,
freecol,freecol-0.5.1,net/sf/freecol/client/gui/panel/MarketLabel,0,5084,public final super,javax/swing/JLabel,1,10,1,13,1,0,5,24,19,207,64,5,5,
freecol,freecol-0.5.1,net/sf/freecol/client/gui/panel/MiniMap,0,11332,public final super,javax/swing/JPanel,1,23,1,19,1,0,1,36,68,1374,448,73,4,
freecol,freecol-0.5.1,net/sf/freecol/client/gui/panel/MonarchPanel,0,5770,public final super,net/sf/freecol/client/gui/panel/FreeColDialog,1,14,1,6,1,0,1,27,10,294,59,20,12,
freecol,freecol-0.5.1,net/sf/freecol/client/gui/panel/NationCellEditor,0,1008,public final super,javax/swing/DefaultCellEditor,0,3,0,2,0,0,1,7,2,15,2,0,3,
freecol,freecol-0.5.1,net/sf/freecol/client/gui/panel/NationCellRenderer,0,2634,public final super,java/lang/Object,1,8,0,5,0,0,1,12,14,113,33,7,2,
freecol,freecol-0.5.1,net/sf/freecol/client/gui/panel/NewPanel,0,7970,public final super,net/sf/freecol/client/gui/panel/FreeColPanel,1,26,1,6,1,0,1,28,18,853,215,13,8,
freecol,freecol-0.5.1,net/sf/freecol/client/gui/panel/PlayersTableModel,0,3229,super,javax/swing/table/AbstractTableModel,0,5,0,11,0,0,1,14,30,188,64,5,3,
freecol,freecol-0.5.1,net/sf/freecol/client/gui/panel/QuitDialog,0,4286,public final super,net/sf/freecol/client/gui/panel/FreeColDialog,1,10,1,5,1,0,1,20,7,209,41,13,5,
freecol,freecol-0.5.1,net/sf/freecol/client/gui/panel/ReportContinentalCongressPanel,0,5431,public final super,net/sf/freecol/client/gui/panel/ReportPanel,1,8,0,4,0,0,1,20,9,349,116,34,6,
freecol,freecol-0.5.1,net/sf/freecol/client/gui/panel/ReportForeignAffairPanel,0,3279,public final super,net/sf/freecol/client/gui/panel/ReportPanel,1,3,0,3,0,0,1,16,8,155,36,10,6,
freecol,freecol-0.5.1,net/sf/freecol/client/gui/panel/ReportIndianPanel,0,3460,public final super,net/sf/freecol/client/gui/panel/ReportPanel,1,3,0,3,0,0,1,17,9,145,32,10,4,
freecol,freecol-0.5.1,net/sf/freecol/client/gui/panel/ReportLabourPanel,0,6778,public final super,net/sf/freecol/client/gui/panel/ReportPanel,1,66,0,3,0,0,1,20,6,302,76,14,7,
freecol,freecol-0.5.1,net/sf/freecol/client/gui/panel/ReportPanel,0,4176,public super,net/sf/freecol/client/gui/panel/FreeColPanel,1,10,1,6,1,0,7,22,8,163,36,3,8,
freecol,freecol-0.5.1,net/sf/freecol/client/gui/panel/ReportReligiousPanel,0,2246,public final super,net/sf/freecol/client/gui/panel/ReportPanel,1,3,0,2,0,0,1,12,2,74,16,7,3,
freecol,freecol-0.5.1,net/sf/freecol/client/gui/panel/ReportTradePanel,0,5063,public final super,net/sf/freecol/client/gui/panel/ReportPanel,1,17,0,2,0,0,1,19,14,411,111,33,9,
freecol,freecol-0.5.1,net/sf/freecol/client/gui/panel/ServerListPanel,0,6759,public final super,net/sf/freecol/client/gui/panel/FreeColPanel,1,14,1,8,1,1,2,31,15,300,87,12,7,
freecol,freecol-0.5.1,net/sf/freecol/client/gui/panel/ServerListPanel$1,0,931,,javax/swing/table/DefaultTableCellRenderer,0,1,1,2,0,0,1,8,2,18,12,0,1,
freecol,freecol-0.5.1,net/sf/freecol/client/gui/panel/ServerListTableModel,0,2164,super,javax/swing/table/AbstractTableModel,0,2,0,8,0,0,1,10,13,120,26,6,2,
freecol,freecol-0.5.1,net/sf/freecol/client/gui/panel/StartGamePanel,0,10699,public final super,net/sf/freecol/client/gui/panel/FreeColPanel,1,28,1,9,1,0,2,43,21,825,204,34,18,
freecol,freecol-0.5.1,net/sf/freecol/client/gui/panel/StatusPanel,0,2155,public final super,net/sf/freecol/client/gui/panel/FreeColPanel,0,7,1,4,1,0,1,10,5,60,15,1,3,
freecol,freecol-0.5.1,net/sf/freecol/client/gui/panel/TilePanel,0,5810,public final super,net/sf/freecol/client/gui/panel/FreeColDialog,1,15,1,6,1,0,1,29,15,330,90,12,11,
freecol,freecol-0.5.1,net/sf/freecol/client/gui/panel/UnitButton,0,2191,public final super,javax/swing/JButton,0,3,0,3,0,1,2,9,5,75,26,1,3,
freecol,freecol-0.5.1,net/sf/freecol/client/gui/panel/UnitButton$UnitButtonActionPropertyChangeListener,0,2380,static private,java/lang/Object,1,1,0,2,0,0,1,9,12,160,47,9,1,
freecol,freecol-0.5.1,net/sf/freecol/client/gui/panel/UnitLabel,0,8224,public final super,javax/swing/JLabel,1,24,1,10,1,0,13,33,33,488,133,11,4,
freecol,freecol-0.5.1,net/sf/freecol/client/gui/panel/VictoryPanel,0,4088,public final super,net/sf/freecol/client/gui/panel/FreeColPanel,1,9,1,5,1,0,1,23,8,151,32,8,6,
freecol,freecol-0.5.1,net/sf/freecol/client/gui/plaf/FreeColBrightPanelUI,0,1795,public super,javax/swing/plaf/basic/BasicPanelUI,0,4,0,4,0,0,0,9,8,68,22,7,2,
freecol,freecol-0.5.1,net/sf/freecol/client/gui/plaf/FreeColButtonUI,0,2782,public super,javax/swing/plaf/metal/MetalButtonUI,0,3,0,5,0,0,0,15,10,114,42,11,2,
freecol,freecol-0.5.1,net/sf/freecol/client/gui/plaf/FreeColCheckBoxUI,0,952,public super,javax/swing/plaf/basic/BasicCheckBoxUI,0,3,0,3,0,0,0,5,3,14,4,0,2,
freecol,freecol-0.5.1,net/sf/freecol/client/gui/plaf/FreeColComboBoxRenderer,0,2132,public super,java/lang/Object,1,5,0,2,0,3,3,12,5,50,19,2,3,
freecol,freecol-0.5.1,net/sf/freecol/client/gui/plaf/FreeColComboBoxRenderer$NormalComponent,0,712,private,javax/swing/JLabel,0,1,1,1,0,0,1,3,1,9,4,0,1,
freecol,freecol-0.5.1,net/sf/freecol/client/gui/plaf/FreeColComboBoxRenderer$SelectedComponent,0,1509,private,javax/swing/JLabel,0,1,1,2,0,0,1,8,2,44,18,3,1,
freecol,freecol-0.5.1,net/sf/freecol/client/gui/plaf/FreeColComboBoxRenderer$UIResource,0,495,public static,net/sf/freecol/client/gui/plaf/FreeColComboBoxRenderer,1,0,0,1,0,0,2,3,1,3,1,0,1,
freecol,freecol-0.5.1,net/sf/freecol/client/gui/plaf/FreeColComboBoxUI,0,1248,public super,javax/swing/plaf/metal/MetalComboBoxUI,0,3,0,4,0,0,0,7,4,18,4,0,3,
freecol,freecol-0.5.1,net/sf/freecol/client/gui/plaf/FreeColLabelUI,0,940,public super,javax/swing/plaf/metal/MetalLabelUI,0,3,0,3,0,0,0,5,3,14,4,0,2,
freecol,freecol-0.5.1,net/sf/freecol/client/gui/plaf/FreeColListUI,0,2201,public super,javax/swing/plaf/basic/BasicListUI,0,3,0,5,0,0,0,12,8,79,28,7,3,
freecol,freecol-0.5.1,net/sf/freecol/client/gui/plaf/FreeColLookAndFeel,0,11980,public super,javax/swing/plaf/metal/MetalLookAndFeel,0,14,2,13,7,2,3,32,35,1266,161,137,15,
freecol,freecol-0.5.1,net/sf/freecol/client/gui/plaf/FreeColLookAndFeel$1,0,1379,,javax/swing/plaf/metal/DefaultMetalTheme,0,1,1,7,0,0,1,4,7,36,3,0,7,
freecol,freecol-0.5.1,net/sf/freecol/client/gui/plaf/FreeColLookAndFeel$2,0,542,,java/awt/Component,0,1,1,1,0,0,1,3,1,6,3,0,1,
freecol,freecol-0.5.1,net/sf/freecol/client/gui/plaf/FreeColMenuBarUI,0,1784,public super,javax/swing/plaf/basic/BasicMenuBarUI,0,4,0,4,0,0,0,9,8,68,22,7,2,
freecol,freecol-0.5.1,net/sf/freecol/client/gui/plaf/FreeColMenuItemUI,0,952,public super,javax/swing/plaf/basic/BasicMenuItemUI,0,3,0,3,0,0,0,5,3,14,4,0,2,
freecol,freecol-0.5.1,net/sf/freecol/client/gui/plaf/FreeColPanelUI,0,1776,public super,javax/swing/plaf/basic/BasicPanelUI,0,4,0,4,0,0,0,9,8,68,22,7,2,
freecol,freecol-0.5.1,net/sf/freecol/client/gui/plaf/FreeColPopupMenuUI,0,1792,public super,javax/swing/plaf/basic/BasicPopupMenuUI,0,4,0,4,0,0,0,9,8,68,22,7,2,
freecol,freecol-0.5.1,net/sf/freecol/client/gui/plaf/FreeColRadioButtonUI,0,964,public super,javax/swing/plaf/basic/BasicRadioButtonUI,0,3,0,3,0,0,0,5,3,14,4,0,2,
freecol,freecol-0.5.1,net/sf/freecol/client/gui/plaf/FreeColScrollPaneUI,0,960,public super,javax/swing/plaf/basic/BasicScrollPaneUI,0,3,0,3,0,0,0,5,3,14,4,0,2,
freecol,freecol-0.5.1,net/sf/freecol/client/gui/plaf/FreeColTableHeaderUI,0,1241,public super,javax/swing/plaf/basic/BasicTableHeaderUI,0,3,0,3,0,0,0,7,3,24,7,2,2,
freecol,freecol-0.5.1,net/sf/freecol/client/gui/plaf/FreeColTableUI,0,940,public super,javax/swing/plaf/basic/BasicTableUI,0,3,0,3,0,0,0,5,3,14,4,0,2,
freecol,freecol-0.5.1,net/sf/freecol/client/gui/plaf/FreeColTextAreaUI,0,1756,public super,javax/swing/plaf/basic/BasicTextAreaUI,0,3,0,3,0,0,0,9,7,68,23,8,2,
freecol,freecol-0.5.1,net/sf/freecol/client/gui/plaf/FreeColTextFieldUI,0,1760,public super,javax/swing/plaf/basic/BasicTextFieldUI,0,3,0,3,0,0,0,9,7,68,23,8,2,
freecol,freecol-0.5.1,net/sf/freecol/client/gui/plaf/FreeColToolTipUI,0,3015,public super,javax/swing/plaf/basic/BasicToolTipUI,0,4,0,4,0,0,0,16,10,144,51,15,3,
freecol,freecol-0.5.1,net/sf/freecol/client/gui/plaf/FreeColTransparentPanelUI,0,1859,public super,javax/swing/plaf/basic/BasicPanelUI,0,4,0,4,0,0,0,12,5,48,12,3,3,
freecol,freecol-0.5.1,net/sf/freecol/client/gui/sound/MusicLibrary,0,1244,public final super,net/sf/freecol/client/gui/sound/SoundLibrary,0,5,0,1,0,0,2,7,2,33,3,0,3,
freecol,freecol-0.5.1,net/sf/freecol/client/gui/sound/Playlist,0,2829,public final super,java/lang/Object,0,15,0,6,0,0,3,9,44,399,114,10,4,
freecol,freecol-0.5.1,net/sf/freecol/client/gui/sound/SfxLibrary,0,1498,public final super,net/sf/freecol/client/gui/sound/SoundLibrary,0,13,0,1,0,0,2,7,2,33,3,0,3,
freecol,freecol-0.5.1,net/sf/freecol/client/gui/sound/SoundLibrary,0,3857,public super,java/lang/Object,0,4,0,5,0,0,2,15,28,282,84,21,11,
freecol,freecol-0.5.1,net/sf/freecol/client/gui/sound/SoundPlayer,0,4031,public super,java/lang/Object,0,14,2,18,9,1,2,12,20,133,48,2,4,
freecol,freecol-0.5.1,net/sf/freecol/client/gui/sound/SoundPlayer$SoundPlayerThread,0,7493,,java/lang/Thread,2,12,1,8,0,0,1,30,36,427,110,19,6,
freecol,freecol-0.5.1,net/sf/freecol/client/networking/Client,0,3308,public final super,java/lang/Object,0,8,1,11,1,0,6,13,12,121,27,5,6,
freecol,freecol-0.5.1,net/sf/freecol/common/FreeColException,0,591,public final super,java/lang/Exception,0,3,0,1,0,0,12,3,1,4,2,0,1,
freecol,freecol-0.5.1,net/sf/freecol/common/ServerInfo,0,3474,public super,java/lang/Object,0,11,0,15,0,0,3,10,15,197,72,1,4,
freecol,freecol-0.5.1,net/sf/freecol/common/Specification,0,4758,public final super,java/lang/Object,0,8,1,16,6,4,9,24,17,135,39,7,6,
freecol,freecol-0.5.1,net/sf/freecol/common/Specification$1,0,2501,,java/lang/Object,1,2,2,3,1,4,5,14,7,100,32,5,7,
freecol,freecol-0.5.1,net/sf/freecol/common/Specification$1$1,0,1006,,java/lang/Object,1,1,1,2,0,0,1,6,2,15,6,1,2,
freecol,freecol-0.5.1,net/sf/freecol/common/Specification$1$2,0,994,,java/lang/Object,1,1,1,2,0,0,1,6,2,15,6,1,2,
freecol,freecol-0.5.1,net/sf/freecol/common/Specification$1$3,0,1345,,java/lang/Object,1,1,1,2,0,0,1,8,2,27,10,1,2,
freecol,freecol-0.5.1,net/sf/freecol/common/Specification$1$4,0,1098,,java/lang/Object,1,1,1,2,0,0,1,6,2,18,7,1,2,
freecol,freecol-0.5.1,net/sf/freecol/common/Specification$2,0,1108,,java/lang/Object,1,2,2,2,0,0,1,7,3,19,8,0,1,
freecol,freecol-0.5.1,net/sf/freecol/common/Specification$3,0,1197,,java/lang/Object,1,3,3,2,0,0,1,7,2,21,10,0,1,
freecol,freecol-0.5.1,net/sf/freecol/common/Specification$ObjectFactory,0,293,abstract static interface,java/lang/Object,0,0,0,1,0,0,7,2,1,0,0,0,0,
freecol,freecol-0.5.1,net/sf/freecol/common/logging/DefaultHandler,0,3591,public final super,java/util/logging/Handler,0,5,0,5,0,0,1,15,10,230,27,9,7,
freecol,freecol-0.5.1,net/sf/freecol/common/logging/TextFormatter,0,1872,final super,java/util/logging/Formatter,0,3,0,2,0,0,1,7,6,97,15,9,3,
freecol,freecol-0.5.1,net/sf/freecol/common/model/Building,0,13799,public final super,net/sf/freecol/common/model/FreeColGameObject,2,32,0,43,0,0,19,28,166,1362,355,83,8,
freecol,freecol-0.5.1,net/sf/freecol/common/model/BuildingType,0,1742,public final super,java/lang/Object,0,4,0,5,1,2,5,11,5,30,9,1,3,
freecol,freecol-0.5.1,net/sf/freecol/common/model/BuildingType$1,0,1129,,java/lang/Object,1,1,1,2,0,0,1,7,2,20,7,1,2,
freecol,freecol-0.5.1,net/sf/freecol/common/model/BuildingType$Level,0,1090,public final static,java/lang/Object,0,5,0,2,0,0,4,6,2,29,11,0,1,
freecol,freecol-0.5.1,net/sf/freecol/common/model/Colony,0,27307,public final super,net/sf/freecol/common/model/Settlement,1,21,1,71,1,0,42,41,232,3228,870,235,26,
freecol,freecol-0.5.1,net/sf/freecol/common/model/ColonyTile,0,9658,public super,net/sf/freecol/common/model/FreeColGameObject,2,9,1,30,1,0,13,28,88,648,194,21,7,
freecol,freecol-0.5.1,net/sf/freecol/common/model/CostDecider,0,582,public abstract interface,java/lang/Object,0,4,0,3,0,0,2,6,3,0,0,0,0,
freecol,freecol-0.5.1,net/sf/freecol/common/model/DefaultCostDecider,0,2196,public super,java/lang/Object,1,5,0,4,0,0,1,10,25,166,59,3,1,
freecol,freecol-0.5.1,net/sf/freecol/common/model/Europe,0,8960,public final super,net/sf/freecol/common/model/FreeColGameObject,2,9,1,26,1,0,16,27,49,530,141,18,14,
freecol,freecol-0.5.1,net/sf/freecol/common/model/FoundingFather,0,5760,public super,java/lang/Object,0,36,0,12,0,0,6,7,22,370,18,0,10,
freecol,freecol-0.5.1,net/sf/freecol/common/model/FreeColGameObject,0,9232,public abstract super,java/lang/Object,0,8,1,37,1,0,23,24,64,653,209,31,16,
freecol,freecol-0.5.1,net/sf/freecol/common/model/FreeColGameObjectListener,0,547,public abstract interface,java/lang/Object,0,3,0,2,0,0,2,4,2,0,0,0,0,
freecol,freecol-0.5.1,net/sf/freecol/common/model/Game,0,15266,public super,net/sf/freecol/common/model/FreeColGameObject,0,21,1,47,1,0,75,34,122,1153,364,59,34,
freecol,freecol-0.5.1,net/sf/freecol/common/model/GameOptions,0,3952,public super,net/sf/freecol/common/option/OptionMap,0,13,0,4,0,0,13,8,5,173,24,5,5,
freecol,freecol-0.5.1,net/sf/freecol/common/model/GoalDecider,0,542,public abstract interface,java/lang/Object,0,3,0,3,0,0,15,5,3,0,0,0,0,
freecol,freecol-0.5.1,net/sf/freecol/common/model/Goods,0,8803,public super,java/lang/Object,2,30,1,29,1,0,40,29,54,426,108,7,10,
freecol,freecol-0.5.1,net/sf/freecol/common/model/GoodsContainer,0,8008,public super,net/sf/freecol/common/model/FreeColGameObject,0,8,1,26,1,0,20,23,56,727,214,53,21,
freecol,freecol-0.5.1,net/sf/freecol/common/model/GoodsType,0,1887,public final super,java/lang/Object,0,12,0,4,0,0,5,8,13,96,28,2,1,
freecol,freecol-0.5.1,net/sf/freecol/common/model/IndianSettlement,0,21913,public super,net/sf/freecol/common/model/Settlement,0,46,1,52,1,0,18,32,190,2182,677,119,26,
freecol,freecol-0.5.1,net/sf/freecol/common/model/Locatable,0,613,public abstract interface,java/lang/Object,0,3,0,5,0,0,15,6,5,0,0,0,0,
freecol,freecol-0.5.1,net/sf/freecol/common/model/Location,0,764,public abstract interface,java/lang/Object,0,3,0,9,0,0,30,9,9,0,0,0,0,
freecol,freecol-0.5.1,net/sf/freecol/common/model/LostCityRumour,0,930,public super,java/lang/Object,0,13,0,1,0,0,3,4,1,3,1,0,1,
freecol,freecol-0.5.1,net/sf/freecol/common/model/Map,0,20232,public super,net/sf/freecol/common/model/FreeColGameObject,0,31,1,47,1,8,46,38,175,1768,582,150,34,
freecol,freecol-0.5.1,net/sf/freecol/common/model/Map$1,0,2022,,java/lang/Object,1,2,1,4,0,0,2,11,7,53,17,3,1,
freecol,freecol-0.5.1,net/sf/freecol/common/model/Map$AdjacentIterator,0,1646,final private,net/sf/freecol/common/model/Map$MapIterator,0,3,1,3,0,0,1,7,7,70,24,4,2,
freecol,freecol-0.5.1,net/sf/freecol/common/model/Map$BorderAdjacentIterator,0,1668,final private,net/sf/freecol/common/model/Map$MapIterator,0,3,1,3,0,0,1,7,7,70,24,4,2,
freecol,freecol-0.5.1,net/sf/freecol/common/model/Map$CircleIterator,0,2382,final private,net/sf/freecol/common/model/Map$MapIterator,0,5,1,5,0,0,1,8,16,176,70,4,2,
freecol,freecol-0.5.1,net/sf/freecol/common/model/Map$FloodFillIterator,0,1542,final private,net/sf/freecol/common/model/Map$MapIterator,0,5,1,3,0,0,1,7,7,68,22,0,1,
freecol,freecol-0.5.1,net/sf/freecol/common/model/Map$MapIterator,0,1237,abstract private,java/lang/Object,1,1,1,5,1,0,5,7,5,17,6,0,2,
freecol,freecol-0.5.1,net/sf/freecol/common/model/Map$Position,0,1263,public final static,java/lang/Object,0,2,0,6,0,0,35,6,11,72,20,0,2,
freecol,freecol-0.5.1,net/sf/freecol/common/model/Map$WholeMapIterator,0,1414,final private,net/sf/freecol/common/model/Map$MapIterator,0,3,1,3,0,0,1,7,6,66,18,1,3,
freecol,freecol-0.5.1,net/sf/freecol/common/model/Market,0,7727,public final super,net/sf/freecol/common/model/FreeColGameObject,0,5,0,17,0,1,13,16,51,948,307,84,6,
freecol,freecol-0.5.1,net/sf/freecol/common/model/Market$Data,0,1966,final static private,net/sf/freecol/common/model/FreeColGameObject,0,3,0,6,0,0,1,10,6,44,17,1,2,
freecol,freecol-0.5.1,net/sf/freecol/common/model/ModelController,0,863,public abstract interface,java/lang/Object,0,3,0,5,0,0,7,8,5,0,0,0,0,
freecol,freecol-0.5.1,net/sf/freecol/common/model/ModelMessage,0,3853,public super,java/lang/Object,0,24,0,12,0,0,6,15,23,176,58,6,5,
freecol,freecol-0.5.1,net/sf/freecol/common/model/Monarch,0,8488,public final super,net/sf/freecol/common/model/FreeColGameObject,0,24,0,21,0,0,5,15,67,793,230,82,5,
freecol,freecol-0.5.1,net/sf/freecol/common/model/Ownable,0,411,public abstract interface,java/lang/Object,0,3,0,1,0,0,11,3,1,0,0,0,0,
freecol,freecol-0.5.1,net/sf/freecol/common/model/PathNode,0,2518,public super,java/lang/Object,1,12,0,15,0,0,25,7,21,118,47,8,1,
freecol,freecol-0.5.1,net/sf/freecol/common/model/Player,0,37903,public super,net/sf/freecol/common/model/FreeColGameObject,0,75,1,132,1,4,92,47,368,3839,1084,214,46,
freecol,freecol-0.5.1,net/sf/freecol/common/model/Player$ActivePredicate,0,1131,public,net/sf/freecol/common/model/Player$UnitPredicate,0,1,1,2,0,0,1,6,8,30,10,0,1,
freecol,freecol-0.5.1,net/sf/freecol/common/model/Player$GoingToPredicate,0,1106,public,net/sf/freecol/common/model/Player$UnitPredicate,0,1,1,2,0,0,1,6,7,27,9,0,1,
freecol,freecol-0.5.1,net/sf/freecol/common/model/Player$UnitIterator,0,3192,public,java/lang/Object,1,5,1,5,0,0,1,13,22,182,59,9,3,
freecol,freecol-0.5.1,net/sf/freecol/common/model/Player$UnitPredicate,0,603,public abstract,java/lang/Object,0,1,1,2,0,0,3,5,2,6,3,0,1,
freecol,freecol-0.5.1,net/sf/freecol/common/model/Settlement,0,5600,public abstract super,net/sf/freecol/common/model/FreeColGameObject,2,8,1,17,1,0,24,23,41,263,87,7,2,
freecol,freecol-0.5.1,net/sf/freecol/common/model/Tension,0,2911,public super,java/lang/Object,0,25,0,10,0,0,11,5,26,178,40,5,2,
freecol,freecol-0.5.1,net/sf/freecol/common/model/Tile,0,25303,public final super,net/sf/freecol/common/model/FreeColGameObject,1,41,1,82,2,1,77,45,298,3623,679,417,17,
freecol,freecol-0.5.1,net/sf/freecol/common/model/Tile$PlayerExploredTile,0,7457,public,java/lang/Object,0,15,1,20,0,0,1,20,37,563,191,11,4,
freecol,freecol-0.5.1,net/sf/freecol/common/model/TileType,0,1438,public final super,java/lang/Object,0,7,0,2,0,1,5,8,2,27,10,1,2,
freecol,freecol-0.5.1,net/sf/freecol/common/model/TileType$1,0,841,,java/lang/Object,1,1,1,2,0,0,1,5,2,18,6,0,2,
freecol,freecol-0.5.1,net/sf/freecol/common/model/Turn,0,1819,public super,java/lang/Object,0,6,0,8,0,0,9,8,15,124,21,2,2,
freecol,freecol-0.5.1,net/sf/freecol/common/model/Unit,0,54273,public super,net/sf/freecol/common/model/FreeColGameObject,3,98,1,156,1,0,102,50,770,6787,1699,341,64,
freecol,freecol-0.5.1,net/sf/freecol/common/model/UnitContainer,0,5977,public super,net/sf/freecol/common/model/FreeColGameObject,0,7,1,19,1,0,4,20,33,280,83,15,7,
freecol,freecol-0.5.1,net/sf/freecol/common/model/UnitType,0,2495,public final super,java/lang/Object,0,13,0,6,0,0,3,9,15,139,41,4,1,
freecol,freecol-0.5.1,net/sf/freecol/common/model/WorkLocation,0,499,public abstract interface,java/lang/Object,1,3,0,2,0,0,12,5,2,0,0,0,0,
freecol,freecol-0.5.1,net/sf/freecol/common/networking/Connection,0,8004,public super,java/lang/Object,0,11,1,16,1,0,39,29,26,409,119,32,18,
freecol,freecol-0.5.1,net/sf/freecol/common/networking/Message,0,6696,public final super,java/lang/Object,0,8,1,20,1,0,38,27,34,283,80,21,12,
freecol,freecol-0.5.1,net/sf/freecol/common/networking/MessageHandler,0,546,public abstract interface,java/lang/Object,0,3,0,1,0,0,9,4,1,0,0,0,0,
freecol,freecol-0.5.1,net/sf/freecol/common/networking/NetworkConstants,0,455,public abstract interface,java/lang/Object,0,5,0,0,0,0,2,3,0,0,0,0,0,
freecol,freecol-0.5.1,net/sf/freecol/common/networking/NetworkReplyObject,0,1226,public super,java/lang/Object,0,5,0,4,0,0,2,6,6,34,12,1,2,
freecol,freecol-0.5.1,net/sf/freecol/common/networking/ReceivingThread,0,6780,final super,java/lang/Thread,0,11,1,13,3,2,3,30,25,266,63,18,9,
freecol,freecol-0.5.1,net/sf/freecol/common/networking/ReceivingThread$1,0,1048,,java/lang/Thread,0,2,2,2,0,0,1,5,2,16,7,0,1,
freecol,freecol-0.5.1,net/sf/freecol/common/networking/ReceivingThread$FreeColNetworkInputStream,0,2465,,java/io/InputStream,0,9,1,5,0,0,1,9,34,305,97,4,2,
freecol,freecol-0.5.1,net/sf/freecol/common/option/AbstractOption,0,2264,public abstract super,java/lang/Object,1,9,1,10,1,0,4,11,11,50,13,1,1,
freecol,freecol-0.5.1,net/sf/freecol/common/option/BooleanOption,0,2765,public super,net/sf/freecol/common/option/AbstractOption,0,7,1,8,1,0,7,11,9,64,20,2,1,
freecol,freecol-0.5.1,net/sf/freecol/common/option/IntegerOption,0,2986,public super,net/sf/freecol/common/option/AbstractOption,0,9,1,10,1,0,6,11,11,75,26,2,1,
freecol,freecol-0.5.1,net/sf/freecol/common/option/Option,0,611,public abstract interface,java/lang/Object,0,4,0,6,0,0,6,5,6,0,0,0,0,
freecol,freecol-0.5.1,net/sf/freecol/common/option/OptionGroup,0,3030,public super,net/sf/freecol/common/option/AbstractOption,0,6,1,9,1,0,6,14,11,75,17,3,3,
freecol,freecol-0.5.1,net/sf/freecol/common/option/OptionMap,0,5473,public abstract super,net/sf/freecol/common/option/OptionGroup,0,7,1,13,1,0,3,23,23,232,66,13,7,
freecol,freecol-0.5.1,net/sf/freecol/common/option/SelectOption,0,2988,public super,net/sf/freecol/common/option/AbstractOption,0,7,1,10,1,0,4,11,11,70,23,2,1,
freecol,freecol-0.5.1,net/sf/freecol/common/util/EmptyIterator,0,1003,public final super,java/lang/Object,1,4,0,5,0,0,1,7,5,18,1,0,4,
freecol,freecol-0.5.1,net/sf/freecol/common/util/ReplayableInputStream,0,1368,public final super,java/io/InputStream,0,8,0,5,0,0,1,6,11,91,26,3,2,
freecol,freecol-0.5.1,net/sf/freecol/common/util/Xml,0,4560,public final super,java/lang/Object,0,3,0,13,0,2,8,24,18,141,35,12,8,
freecol,freecol-0.5.1,net/sf/freecol/common/util/Xml$Exception,0,465,public final static,java/lang/RuntimeException,0,0,0,1,0,0,1,3,1,4,2,0,1,
freecol,freecol-0.5.1,net/sf/freecol/common/util/Xml$Method,0,240,public abstract static interface,java/lang/Object,0,0,0,1,0,0,9,3,1,0,0,0,0,
freecol,freecol-0.5.1,net/sf/freecol/server/FreeColServer,0,18308,public final super,java/lang/Object,0,25,1,31,1,1,27,65,68,1032,280,73,44,
freecol,freecol-0.5.1,net/sf/freecol/server/FreeColServer$1,0,626,,java/util/TimerTask,0,1,1,2,0,0,1,3,2,10,4,0,1,
freecol,freecol-0.5.1,net/sf/freecol/server/ai/AIColony,0,20393,public super,net/sf/freecol/server/ai/AIObject,0,10,1,21,1,2,8,44,218,2267,656,178,18,
freecol,freecol-0.5.1,net/sf/freecol/server/ai/AIColony$1,0,907,,java/lang/Object,1,1,1,2,0,0,1,7,2,24,7,2,2,
freecol,freecol-0.5.1,net/sf/freecol/server/ai/AIColony$2,0,961,,java/lang/Object,1,1,1,2,0,0,1,7,2,30,9,2,2,
freecol,freecol-0.5.1,net/sf/freecol/server/ai/AIGoods,0,6765,public super,net/sf/freecol/server/ai/AIObject,1,12,1,19,1,0,4,22,31,293,88,2,8,
freecol,freecol-0.5.1,net/sf/freecol/server/ai/AIInGameInputHandler,0,8085,public final super,java/lang/Object,1,8,1,10,2,1,3,31,47,439,109,32,8,
freecol,freecol-0.5.1,net/sf/freecol/server/ai/AIInGameInputHandler$1,0,1846,,java/lang/Thread,0,2,2,2,0,0,1,12,2,42,11,4,3,
freecol,freecol-0.5.1,net/sf/freecol/server/ai/AIMain,0,8365,public super,java/lang/Object,1,9,1,20,1,0,32,37,44,464,136,21,20,
freecol,freecol-0.5.1,net/sf/freecol/server/ai/AIObject,0,1428,public abstract super,java/lang/Object,0,4,0,9,0,0,9,8,9,25,8,0,1,
freecol,freecol-0.5.1,net/sf/freecol/server/ai/AIPlayer,0,37506,public super,net/sf/freecol/server/ai/AIObject,0,19,1,43,3,4,11,80,393,4000,1118,387,45,
freecol,freecol-0.5.1,net/sf/freecol/server/ai/AIPlayer$1,0,1761,,java/lang/Object,1,3,1,4,0,0,1,10,8,54,21,2,1,
freecol,freecol-0.5.1,net/sf/freecol/server/ai/AIPlayer$2,0,2070,,java/lang/Object,1,3,1,4,0,0,1,11,10,72,28,3,1,
freecol,freecol-0.5.1,net/sf/freecol/server/ai/AIPlayer$3,0,923,,java/lang/Object,1,1,1,2,0,0,1,7,2,24,7,2,2,
freecol,freecol-0.5.1,net/sf/freecol/server/ai/AIPlayer$4,0,898,,java/lang/Object,1,1,1,2,0,0,1,7,2,24,7,2,2,
freecol,freecol-0.5.1,net/sf/freecol/server/ai/AIUnit,0,7759,public super,net/sf/freecol/server/ai/AIObject,1,8,1,21,1,0,22,34,53,453,130,6,19,
freecol,freecol-0.5.1,net/sf/freecol/server/ai/ColonyPlan,0,10326,public super,java/lang/Object,0,8,1,16,1,1,2,27,138,1214,304,77,9,
freecol,freecol-0.5.1,net/sf/freecol/server/ai/ColonyPlan$1,0,971,,java/lang/Object,1,1,1,2,0,0,1,7,2,30,9,2,2,
freecol,freecol-0.5.1,net/sf/freecol/server/ai/GoodsWish,0,3808,public super,net/sf/freecol/server/ai/Wish,0,6,1,8,1,0,4,15,12,151,51,2,3,
freecol,freecol-0.5.1,net/sf/freecol/server/ai/TileImprovement,0,4769,public super,net/sf/freecol/server/ai/AIObject,0,12,1,16,1,0,5,15,21,184,63,2,2,
freecol,freecol-0.5.1,net/sf/freecol/server/ai/Transportable,0,783,public abstract interface,java/lang/Object,0,3,0,8,0,0,8,7,8,0,0,0,0,
freecol,freecol-0.5.1,net/sf/freecol/server/ai/Wish,0,2458,public abstract super,net/sf/freecol/server/ai/AIObject,0,9,1,9,1,0,7,12,10,61,18,1,2,
freecol,freecol-0.5.1,net/sf/freecol/server/ai/WorkLocationPlan,0,5853,public super,java/lang/Object,0,9,1,15,1,0,4,22,42,289,91,11,4,
freecol,freecol-0.5.1,net/sf/freecol/server/ai/WorkerWish,0,4393,public super,net/sf/freecol/server/ai/Wish,0,7,1,9,1,0,4,19,13,185,59,2,4,
freecol,freecol-0.5.1,net/sf/freecol/server/ai/mission/BuildColonyMission,0,9993,public super,net/sf/freecol/server/ai/mission/Mission,0,9,1,14,1,0,3,32,69,638,189,31,7,
freecol,freecol-0.5.1,net/sf/freecol/server/ai/mission/CashInTreasureTrainMission,0,5254,public super,net/sf/freecol/server/ai/mission/Mission,0,5,1,12,1,1,3,23,22,149,43,8,3,
freecol,freecol-0.5.1,net/sf/freecol/server/ai/mission/CashInTreasureTrainMission$1,0,1423,,java/lang/Object,1,2,1,4,0,0,1,8,5,28,10,1,1,
freecol,freecol-0.5.1,net/sf/freecol/server/ai/mission/DefendSettlementMission,0,7231,public super,net/sf/freecol/server/ai/mission/Mission,0,6,1,12,1,0,2,25,40,356,110,25,4,
freecol,freecol-0.5.1,net/sf/freecol/server/ai/mission/IndianBringGiftMission,0,8430,public super,net/sf/freecol/server/ai/mission/Mission,0,7,1,11,1,0,2,34,37,390,110,19,5,
freecol,freecol-0.5.1,net/sf/freecol/server/ai/mission/IndianDemandMission,0,10246,public super,net/sf/freecol/server/ai/mission/Mission,0,7,1,11,1,0,2,35,53,676,188,56,6,
freecol,freecol-0.5.1,net/sf/freecol/server/ai/mission/Mission,0,6776,public abstract super,net/sf/freecol/server/ai/AIObject,0,10,1,18,1,2,17,27,36,268,68,11,6,
freecol,freecol-0.5.1,net/sf/freecol/server/ai/mission/Mission$1,0,2456,,java/lang/Object,1,2,1,4,0,0,1,13,19,144,49,6,1,
freecol,freecol-0.5.1,net/sf/freecol/server/ai/mission/Mission$2,0,1541,,java/lang/Object,1,2,1,4,0,0,1,9,7,37,13,2,1,
freecol,freecol-0.5.1,net/sf/freecol/server/ai/mission/PioneeringMission,0,6976,public super,net/sf/freecol/server/ai/mission/Mission,0,6,1,15,1,0,3,24,50,390,111,23,2,
freecol,freecol-0.5.1,net/sf/freecol/server/ai/mission/ScoutingMission,0,8314,public super,net/sf/freecol/server/ai/mission/Mission,0,7,1,15,2,1,3,29,52,475,123,17,3,
freecol,freecol-0.5.1,net/sf/freecol/server/ai/mission/ScoutingMission$1,0,1493,,java/lang/Object,1,2,1,4,0,0,1,8,5,30,12,2,1,
freecol,freecol-0.5.1,net/sf/freecol/server/ai/mission/TransportMission,0,23576,public super,net/sf/freecol/server/ai/mission/Mission,0,8,1,32,1,0,5,47,208,2204,641,181,19,
freecol,freecol-0.5.1,net/sf/freecol/server/ai/mission/UnitSeekAndDestroyMission,0,8455,public super,net/sf/freecol/server/ai/mission/Mission,0,6,1,14,1,1,3,31,45,406,121,21,4,
freecol,freecol-0.5.1,net/sf/freecol/server/ai/mission/UnitSeekAndDestroyMission$1,0,2226,,java/lang/Object,1,3,2,4,0,0,1,11,10,85,32,5,2,
freecol,freecol-0.5.1,net/sf/freecol/server/ai/mission/UnitWanderHostileMission,0,5127,public super,net/sf/freecol/server/ai/mission/Mission,0,5,1,8,1,0,2,21,18,179,57,17,2,
freecol,freecol-0.5.1,net/sf/freecol/server/ai/mission/UnitWanderMission,0,4424,public super,net/sf/freecol/server/ai/mission/Mission,0,5,1,8,1,0,2,21,14,128,35,10,2,
freecol,freecol-0.5.1,net/sf/freecol/server/ai/mission/WishRealizationMission,0,6635,public super,net/sf/freecol/server/ai/mission/Mission,0,6,1,12,1,0,3,27,33,299,79,8,5,
freecol,freecol-0.5.1,net/sf/freecol/server/ai/mission/WorkInsideColonyMission,0,3806,public super,net/sf/freecol/server/ai/mission/Mission,0,6,1,10,1,0,5,16,12,89,25,2,2,
freecol,freecol-0.5.1,net/sf/freecol/server/control/Controller,0,2094,public abstract super,java/lang/Object,0,6,1,5,1,0,5,9,7,50,11,2,1,
freecol,freecol-0.5.1,net/sf/freecol/server/control/InGameController,0,11029,public final super,net/sf/freecol/server/control/Controller,0,7,1,13,4,2,5,36,75,650,195,59,8,
freecol,freecol-0.5.1,net/sf/freecol/server/control/InGameController$1,0,2555,,java/lang/Thread,0,2,2,2,0,0,1,14,8,111,32,11,3,
freecol,freecol-0.5.1,net/sf/freecol/server/control/InGameController$2,0,5764,,java/lang/Thread,0,3,3,2,0,0,1,22,11,403,115,27,3,
freecol,freecol-0.5.1,net/sf/freecol/server/control/InGameInputHandler,0,43849,public final super,net/sf/freecol/server/control/InputHandler,1,7,1,57,1,0,1,56,350,5230,1562,451,96,
freecol,freecol-0.5.1,net/sf/freecol/server/control/InputHandler,0,3140,public abstract super,java/lang/Object,1,6,1,7,1,0,2,15,11,86,18,3,2,
freecol,freecol-0.5.1,net/sf/freecol/server/control/PreGameController,0,6631,public final super,net/sf/freecol/server/control/Controller,0,5,1,5,1,0,2,26,14,265,76,22,8,
freecol,freecol-0.5.1,net/sf/freecol/server/control/PreGameInputHandler,0,7727,public final super,net/sf/freecol/server/control/InputHandler,0,5,1,11,1,0,1,26,33,471,138,37,6,
freecol,freecol-0.5.1,net/sf/freecol/server/control/ServerModelController,0,10357,public super,java/lang/Object,1,9,1,13,1,1,4,32,41,693,186,44,16,
freecol,freecol-0.5.1,net/sf/freecol/server/control/ServerModelController$TaskEntry,0,915,private,java/lang/Object,0,5,1,1,0,0,1,6,1,18,11,0,1,
freecol,freecol-0.5.1,net/sf/freecol/server/control/UserConnectionHandler,0,7753,public final super,java/lang/Object,1,6,1,7,1,0,1,27,35,403,111,25,4,
freecol,freecol-0.5.1,net/sf/freecol/server/generator/MapGenerator,0,16779,public super,java/lang/Object,0,21,1,21,4,2,3,31,127,2113,627,196,20,
freecol,freecol-0.5.1,net/sf/freecol/server/generator/MapGenerator$LandGenerator,0,3190,protected,java/lang/Object,0,6,1,9,0,0,1,9,29,395,147,27,4,
freecol,freecol-0.5.1,net/sf/freecol/server/generator/MapGenerator$TerrainGenerator,0,3881,protected,java/lang/Object,0,5,1,4,0,0,1,11,37,350,102,19,5,
freecol,freecol-0.5.1,net/sf/freecol/server/generator/River,0,7804,public super,java/lang/Object,0,13,1,16,1,1,2,19,50,742,181,41,9,
freecol,freecol-0.5.1,net/sf/freecol/server/generator/River$Section,0,1382,private,java/lang/Object,0,6,1,4,0,0,1,5,6,116,29,15,1,
freecol,freecol-0.5.1,net/sf/freecol/server/model/ServerModelObject,0,520,public abstract interface,java/lang/Object,0,3,0,2,0,0,2,5,2,0,0,0,0,
freecol,freecol-0.5.1,net/sf/freecol/server/model/ServerPlayer,0,6314,public super,net/sf/freecol/common/model/Player,1,7,0,17,0,0,14,18,33,295,107,12,3,
freecol,freecol-0.5.1,net/sf/freecol/server/networking/DummyConnection,0,2385,public final super,net/sf/freecol/common/networking/Connection,0,5,0,9,0,0,5,7,10,57,22,5,1,
freecol,freecol-0.5.1,net/sf/freecol/server/networking/Server,0,5842,public final super,java/lang/Thread,0,11,1,14,1,0,10,25,22,260,63,19,10,
